<?xml version="1.0" encoding="UTF-8"?>
<project-private xmlns="http://www.netbeans.org/ns/project-private/1">
    <editor-bookmarks xmlns="http://www.netbeans.org/ns/editor-bookmarks/2" lastBookmarkId="0"/>
    <open-files xmlns="http://www.netbeans.org/ns/projectui-open-files/2">
        <group>
            <file>file:/C:/Users/Usuario%20iTC/IP_Montano_Sergi/IP2024Abril_Montaño_Sergi/aab1-proyfinal-gruptrabfinal-poo_1b-7/Solucion_Codigo/SistemaSuperMaxi/src/Controller/SuperMaxi.java</file>
            <file>file:/C:/Users/Usuario%20iTC/IP_Montano_Sergi/IP2024Abril_Montaño_Sergi/aab1-proyfinal-gruptrabfinal-poo_1b-7/Solucion_Codigo/SistemaSuperMaxi/src/Controller/CategoriaProducto.java</file>
            <file>file:/C:/Users/Usuario%20iTC/IP_Montano_Sergi/IP2024Abril_Montaño_Sergi/aab1-proyfinal-gruptrabfinal-poo_1b-7/Solucion_Codigo/SistemaSuperMaxi/src/Model/Factura.java</file>
            <file>file:/C:/Users/Usuario%20iTC/IP_Montano_Sergi/IP2024Abril_Montaño_Sergi/aab1-proyfinal-gruptrabfinal-poo_1b-7/Solucion_Codigo/SistemaSuperMaxi/src/Controller/Producto.java</file>
            <file>file:/C:/Users/Usuario%20iTC/IP_Montano_Sergi/IP2024Abril_Montaño_Sergi/aab1-proyfinal-gruptrabfinal-poo_1b-7/Solucion_Codigo/SistemaSuperMaxi/src/View/TestSistemaSuperMaxi.java</file>
            <file>file:/C:/Users/Usuario%20iTC/IP_Montano_Sergi/IP2024Abril_Montaño_Sergi/aab1-proyfinal-gruptrabfinal-poo_1b-7/Solucion_Codigo/SistemaSuperMaxi/src/Controller/EstadisticasVentas.java</file>
            <file>file:/C:/Users/Usuario%20iTC/IP_Montano_Sergi/IP2024Abril_Montaño_Sergi/aab1-proyfinal-gruptrabfinal-poo_1b-7/Solucion_Codigo/SistemaSuperMaxi/src/Model/GestorProducto.java</file>
            <file>file:/C:/Users/Usuario%20iTC/IP_Montano_Sergi/IP2024Abril_Montaño_Sergi/aab1-proyfinal-gruptrabfinal-poo_1b-7/Solucion_Codigo/SistemaSuperMaxi/src/Controller/Cliente.java</file>
        </group>
    </open-files>
</project-private>
